Question Number,Link
1,https://www.examtopics.com/discussions/google/view/79414-exam-professional-data-engineer-topic-1-question-1/
2,https://www.examtopics.com/discussions/google/view/15911-exam-professional-data-engineer-topic-1-question-2/
3,https://www.examtopics.com/discussions/google/view/16635-exam-professional-data-engineer-topic-1-question-3/
4,https://www.examtopics.com/discussions/google/view/79677-exam-professional-data-engineer-topic-1-question-4/
5,https://www.examtopics.com/discussions/google/view/16637-exam-professional-data-engineer-topic-1-question-5/
6,https://www.examtopics.com/discussions/google/view/16639-exam-professional-data-engineer-topic-1-question-6/
7,https://www.examtopics.com/discussions/google/view/16640-exam-professional-data-engineer-topic-1-question-7/
8,https://www.examtopics.com/discussions/google/view/16641-exam-professional-data-engineer-topic-1-question-8/
9,https://www.examtopics.com/discussions/google/view/79679-exam-professional-data-engineer-topic-1-question-9/
10,https://www.examtopics.com/discussions/google/view/16642-exam-professional-data-engineer-topic-1-question-10/
11,https://www.examtopics.com/discussions/google/view/79682-exam-professional-data-engineer-topic-1-question-11/
12,https://www.examtopics.com/discussions/google/view/16644-exam-professional-data-engineer-topic-1-question-12/
13,https://www.examtopics.com/discussions/google/view/16279-exam-professional-data-engineer-topic-1-question-13/
14,https://www.examtopics.com/discussions/google/view/16281-exam-professional-data-engineer-topic-1-question-14/
15,https://www.examtopics.com/discussions/google/view/16723-exam-professional-data-engineer-topic-1-question-15/
16,https://www.examtopics.com/discussions/google/view/16729-exam-professional-data-engineer-topic-1-question-16/
17,https://www.examtopics.com/discussions/google/view/16730-exam-professional-data-engineer-topic-1-question-17/
18,https://www.examtopics.com/discussions/google/view/16654-exam-professional-data-engineer-topic-1-question-18/
19,https://www.examtopics.com/discussions/google/view/16870-exam-professional-data-engineer-topic-1-question-19/
20,https://www.examtopics.com/discussions/google/view/16282-exam-professional-data-engineer-topic-1-question-20/
21,https://www.examtopics.com/discussions/google/view/16929-exam-professional-data-engineer-topic-1-question-21/
22,https://www.examtopics.com/discussions/google/view/16624-exam-professional-data-engineer-topic-1-question-22/
23,https://www.examtopics.com/discussions/google/view/16931-exam-professional-data-engineer-topic-1-question-23/
24,https://www.examtopics.com/discussions/google/view/16285-exam-professional-data-engineer-topic-1-question-24/
25,https://www.examtopics.com/discussions/google/view/16286-exam-professional-data-engineer-topic-1-question-25/
26,https://www.examtopics.com/discussions/google/view/16288-exam-professional-data-engineer-topic-1-question-26/
27,https://www.examtopics.com/discussions/google/view/16969-exam-professional-data-engineer-topic-1-question-27/
28,https://www.examtopics.com/discussions/google/view/79388-exam-professional-data-engineer-topic-1-question-28/
29,https://www.examtopics.com/discussions/google/view/17029-exam-professional-data-engineer-topic-1-question-29/
30,https://www.examtopics.com/discussions/google/view/16655-exam-professional-data-engineer-topic-1-question-30/
31,https://www.examtopics.com/discussions/google/view/17051-exam-professional-data-engineer-topic-1-question-31/
32,https://www.examtopics.com/discussions/google/view/17052-exam-professional-data-engineer-topic-1-question-32/
33,https://www.examtopics.com/discussions/google/view/17054-exam-professional-data-engineer-topic-1-question-33/
34,https://www.examtopics.com/discussions/google/view/79622-exam-professional-data-engineer-topic-1-question-34/
35,https://www.examtopics.com/discussions/google/view/16658-exam-professional-data-engineer-topic-1-question-35/
36,https://www.examtopics.com/discussions/google/view/17058-exam-professional-data-engineer-topic-1-question-36/
37,https://www.examtopics.com/discussions/google/view/17059-exam-professional-data-engineer-topic-1-question-37/
38,https://www.examtopics.com/discussions/google/view/16657-exam-professional-data-engineer-topic-1-question-38/
39,https://www.examtopics.com/discussions/google/view/17075-exam-professional-data-engineer-topic-1-question-39/
40,https://www.examtopics.com/discussions/google/view/17076-exam-professional-data-engineer-topic-1-question-40/
41,https://www.examtopics.com/discussions/google/view/16659-exam-professional-data-engineer-topic-1-question-41/
42,https://www.examtopics.com/discussions/google/view/16660-exam-professional-data-engineer-topic-1-question-42/
43,https://www.examtopics.com/discussions/google/view/16819-exam-professional-data-engineer-topic-1-question-43/
44,https://www.examtopics.com/discussions/google/view/79762-exam-professional-data-engineer-topic-1-question-44/
45,https://www.examtopics.com/discussions/google/view/17080-exam-professional-data-engineer-topic-1-question-45/
46,https://www.examtopics.com/discussions/google/view/16253-exam-professional-data-engineer-topic-1-question-46/
47,https://www.examtopics.com/discussions/google/view/16820-exam-professional-data-engineer-topic-1-question-47/
48,https://www.examtopics.com/discussions/google/view/17082-exam-professional-data-engineer-topic-1-question-48/
49,https://www.examtopics.com/discussions/google/view/17083-exam-professional-data-engineer-topic-1-question-49/
50,https://www.examtopics.com/discussions/google/view/16661-exam-professional-data-engineer-topic-1-question-50/
51,https://www.examtopics.com/discussions/google/view/16468-exam-professional-data-engineer-topic-1-question-51/
52,https://www.examtopics.com/discussions/google/view/16822-exam-professional-data-engineer-topic-1-question-52/
53,https://www.examtopics.com/discussions/google/view/17085-exam-professional-data-engineer-topic-1-question-53/
54,https://www.examtopics.com/discussions/google/view/16670-exam-professional-data-engineer-topic-1-question-54/
55,https://www.examtopics.com/discussions/google/view/16669-exam-professional-data-engineer-topic-1-question-55/
56,https://www.examtopics.com/discussions/google/view/82857-exam-professional-data-engineer-topic-1-question-56/
57,https://www.examtopics.com/discussions/google/view/16673-exam-professional-data-engineer-topic-1-question-57/
58,https://www.examtopics.com/discussions/google/view/17090-exam-professional-data-engineer-topic-1-question-58/
59,https://www.examtopics.com/discussions/google/view/80950-exam-professional-data-engineer-topic-1-question-59/
60,https://www.examtopics.com/discussions/google/view/17096-exam-professional-data-engineer-topic-1-question-60/
61,https://www.examtopics.com/discussions/google/view/16747-exam-professional-data-engineer-topic-1-question-61/
62,https://www.examtopics.com/discussions/google/view/17104-exam-professional-data-engineer-topic-1-question-62/
63,https://www.examtopics.com/discussions/google/view/16745-exam-professional-data-engineer-topic-1-question-63/
64,https://www.examtopics.com/discussions/google/view/17105-exam-professional-data-engineer-topic-1-question-64/
65,https://www.examtopics.com/discussions/google/view/16476-exam-professional-data-engineer-topic-1-question-65/
66,https://www.examtopics.com/discussions/google/view/17109-exam-professional-data-engineer-topic-1-question-66/
67,https://www.examtopics.com/discussions/google/view/17110-exam-professional-data-engineer-topic-1-question-67/
68,https://www.examtopics.com/discussions/google/view/16478-exam-professional-data-engineer-topic-1-question-68/
69,https://www.examtopics.com/discussions/google/view/16072-exam-professional-data-engineer-topic-1-question-69/
70,https://www.examtopics.com/discussions/google/view/16631-exam-professional-data-engineer-topic-1-question-70/
71,https://www.examtopics.com/discussions/google/view/17111-exam-professional-data-engineer-topic-1-question-71/
72,https://www.examtopics.com/discussions/google/view/16832-exam-professional-data-engineer-topic-1-question-72/
73,https://www.examtopics.com/discussions/google/view/17112-exam-professional-data-engineer-topic-1-question-73/
74,https://www.examtopics.com/discussions/google/view/79320-exam-professional-data-engineer-topic-1-question-74/
75,https://www.examtopics.com/discussions/google/view/79767-exam-professional-data-engineer-topic-1-question-75/
76,https://www.examtopics.com/discussions/google/view/17114-exam-professional-data-engineer-topic-1-question-76/
77,https://www.examtopics.com/discussions/google/view/79343-exam-professional-data-engineer-topic-1-question-77/
78,https://www.examtopics.com/discussions/google/view/17115-exam-professional-data-engineer-topic-1-question-78/
79,https://www.examtopics.com/discussions/google/view/17118-exam-professional-data-engineer-topic-1-question-79/
80,https://www.examtopics.com/discussions/google/view/17119-exam-professional-data-engineer-topic-1-question-80/
81,https://www.examtopics.com/discussions/google/view/17264-exam-professional-data-engineer-topic-1-question-81/
82,https://www.examtopics.com/discussions/google/view/17263-exam-professional-data-engineer-topic-1-question-82/
83,https://www.examtopics.com/discussions/google/view/17262-exam-professional-data-engineer-topic-1-question-83/
84,https://www.examtopics.com/discussions/google/view/16835-exam-professional-data-engineer-topic-1-question-84/
85,https://www.examtopics.com/discussions/google/view/83115-exam-professional-data-engineer-topic-1-question-85/
86,https://www.examtopics.com/discussions/google/view/17173-exam-professional-data-engineer-topic-1-question-86/
87,https://www.examtopics.com/discussions/google/view/16572-exam-professional-data-engineer-topic-1-question-87/
88,https://www.examtopics.com/discussions/google/view/79771-exam-professional-data-engineer-topic-1-question-88/
89,https://www.examtopics.com/discussions/google/view/79337-exam-professional-data-engineer-topic-1-question-89/
90,https://www.examtopics.com/discussions/google/view/17260-exam-professional-data-engineer-topic-1-question-90/
91,https://www.examtopics.com/discussions/google/view/17256-exam-professional-data-engineer-topic-1-question-91/
92,https://www.examtopics.com/discussions/google/view/17257-exam-professional-data-engineer-topic-1-question-92/
93,https://www.examtopics.com/discussions/google/view/79773-exam-professional-data-engineer-topic-1-question-93/
94,https://www.examtopics.com/discussions/google/view/16841-exam-professional-data-engineer-topic-1-question-94/
95,https://www.examtopics.com/discussions/google/view/16842-exam-professional-data-engineer-topic-1-question-95/
96,https://www.examtopics.com/discussions/google/view/16843-exam-professional-data-engineer-topic-1-question-96/
97,https://www.examtopics.com/discussions/google/view/16109-exam-professional-data-engineer-topic-1-question-97/
98,https://www.examtopics.com/discussions/google/view/17255-exam-professional-data-engineer-topic-1-question-98/
99,https://www.examtopics.com/discussions/google/view/16845-exam-professional-data-engineer-topic-1-question-99/
100,https://www.examtopics.com/discussions/google/view/16982-exam-professional-data-engineer-topic-1-question-100/
101,https://www.examtopics.com/discussions/google/view/17204-exam-professional-data-engineer-topic-1-question-101/
102,https://www.examtopics.com/discussions/google/view/17205-exam-professional-data-engineer-topic-1-question-102/
103,https://www.examtopics.com/discussions/google/view/79775-exam-professional-data-engineer-topic-1-question-103/
104,https://www.examtopics.com/discussions/google/view/79318-exam-professional-data-engineer-topic-1-question-104/
105,https://www.examtopics.com/discussions/google/view/79319-exam-professional-data-engineer-topic-1-question-105/
106,https://www.examtopics.com/discussions/google/view/79777-exam-professional-data-engineer-topic-1-question-106/
107,https://www.examtopics.com/discussions/google/view/79778-exam-professional-data-engineer-topic-1-question-107/
108,https://www.examtopics.com/discussions/google/view/17209-exam-professional-data-engineer-topic-1-question-108/
109,https://www.examtopics.com/discussions/google/view/79780-exam-professional-data-engineer-topic-1-question-109/
110,https://www.examtopics.com/discussions/google/view/17252-exam-professional-data-engineer-topic-1-question-110/
111,https://www.examtopics.com/discussions/google/view/17248-exam-professional-data-engineer-topic-1-question-111/
112,https://www.examtopics.com/discussions/google/view/17249-exam-professional-data-engineer-topic-1-question-112/
113,https://www.examtopics.com/discussions/google/view/16856-exam-professional-data-engineer-topic-1-question-113/
114,https://www.examtopics.com/discussions/google/view/16628-exam-professional-data-engineer-topic-1-question-114/
115,https://www.examtopics.com/discussions/google/view/79459-exam-professional-data-engineer-topic-1-question-115/
116,https://www.examtopics.com/discussions/google/view/79672-exam-professional-data-engineer-topic-1-question-116/
117,https://www.examtopics.com/discussions/google/view/16629-exam-professional-data-engineer-topic-1-question-117/
118,https://www.examtopics.com/discussions/google/view/79462-exam-professional-data-engineer-topic-1-question-118/
119,https://www.examtopics.com/discussions/google/view/17244-exam-professional-data-engineer-topic-1-question-119/
120,https://www.examtopics.com/discussions/google/view/17245-exam-professional-data-engineer-topic-1-question-120/
121,https://www.examtopics.com/discussions/google/view/17240-exam-professional-data-engineer-topic-1-question-121/
122,https://www.examtopics.com/discussions/google/view/16858-exam-professional-data-engineer-topic-1-question-122/
123,https://www.examtopics.com/discussions/google/view/17023-exam-professional-data-engineer-topic-1-question-123/
124,https://www.examtopics.com/discussions/google/view/81264-exam-professional-data-engineer-topic-1-question-124/
125,https://www.examtopics.com/discussions/google/view/17243-exam-professional-data-engineer-topic-1-question-125/
126,https://www.examtopics.com/discussions/google/view/17235-exam-professional-data-engineer-topic-1-question-126/
127,https://www.examtopics.com/discussions/google/view/17236-exam-professional-data-engineer-topic-1-question-127/
128,https://www.examtopics.com/discussions/google/view/17238-exam-professional-data-engineer-topic-1-question-128/
129,https://www.examtopics.com/discussions/google/view/17239-exam-professional-data-engineer-topic-1-question-129/
130,https://www.examtopics.com/discussions/google/view/16667-exam-professional-data-engineer-topic-1-question-130/
131,https://www.examtopics.com/discussions/google/view/17231-exam-professional-data-engineer-topic-1-question-131/
132,https://www.examtopics.com/discussions/google/view/17232-exam-professional-data-engineer-topic-1-question-132/
133,https://www.examtopics.com/discussions/google/view/17019-exam-professional-data-engineer-topic-1-question-133/
134,https://www.examtopics.com/discussions/google/view/17233-exam-professional-data-engineer-topic-1-question-134/
135,https://www.examtopics.com/discussions/google/view/17234-exam-professional-data-engineer-topic-1-question-135/
136,https://www.examtopics.com/discussions/google/view/16932-exam-professional-data-engineer-topic-1-question-136/
137,https://www.examtopics.com/discussions/google/view/79674-exam-professional-data-engineer-topic-1-question-137/
138,https://www.examtopics.com/discussions/google/view/79675-exam-professional-data-engineer-topic-1-question-138/
139,https://www.examtopics.com/discussions/google/view/79676-exam-professional-data-engineer-topic-1-question-139/
140,https://www.examtopics.com/discussions/google/view/80270-exam-professional-data-engineer-topic-1-question-140/
141,https://www.examtopics.com/discussions/google/view/17225-exam-professional-data-engineer-topic-1-question-141/
142,https://www.examtopics.com/discussions/google/view/81914-exam-professional-data-engineer-topic-1-question-142/
143,https://www.examtopics.com/discussions/google/view/79678-exam-professional-data-engineer-topic-1-question-143/
144,https://www.examtopics.com/discussions/google/view/17228-exam-professional-data-engineer-topic-1-question-144/
145,https://www.examtopics.com/discussions/google/view/16674-exam-professional-data-engineer-topic-1-question-145/
146,https://www.examtopics.com/discussions/google/view/17224-exam-professional-data-engineer-topic-1-question-146/
147,https://www.examtopics.com/discussions/google/view/16675-exam-professional-data-engineer-topic-1-question-147/
148,https://www.examtopics.com/discussions/google/view/16677-exam-professional-data-engineer-topic-1-question-148/
149,https://www.examtopics.com/discussions/google/view/16678-exam-professional-data-engineer-topic-1-question-149/
150,https://www.examtopics.com/discussions/google/view/16868-exam-professional-data-engineer-topic-1-question-150/
151,https://www.examtopics.com/discussions/google/view/79680-exam-professional-data-engineer-topic-1-question-151/
152,https://www.examtopics.com/discussions/google/view/17216-exam-professional-data-engineer-topic-1-question-152/
153,https://www.examtopics.com/discussions/google/view/17218-exam-professional-data-engineer-topic-1-question-153/
154,https://www.examtopics.com/discussions/google/view/16688-exam-professional-data-engineer-topic-1-question-154/
155,https://www.examtopics.com/discussions/google/view/80517-exam-professional-data-engineer-topic-1-question-155/
156,https://www.examtopics.com/discussions/google/view/17211-exam-professional-data-engineer-topic-1-question-156/
157,https://www.examtopics.com/discussions/google/view/17212-exam-professional-data-engineer-topic-1-question-157/
158,https://www.examtopics.com/discussions/google/view/16899-exam-professional-data-engineer-topic-1-question-158/
159,https://www.examtopics.com/discussions/google/view/17213-exam-professional-data-engineer-topic-1-question-159/
160,https://www.examtopics.com/discussions/google/view/17214-exam-professional-data-engineer-topic-1-question-160/
161,https://www.examtopics.com/discussions/google/view/16689-exam-professional-data-engineer-topic-1-question-161/
162,https://www.examtopics.com/discussions/google/view/16902-exam-professional-data-engineer-topic-1-question-162/
163,https://www.examtopics.com/discussions/google/view/79472-exam-professional-data-engineer-topic-1-question-163/
164,https://www.examtopics.com/discussions/google/view/79478-exam-professional-data-engineer-topic-1-question-164/
165,https://www.examtopics.com/discussions/google/view/79627-exam-professional-data-engineer-topic-1-question-165/
166,https://www.examtopics.com/discussions/google/view/80145-exam-professional-data-engineer-topic-1-question-166/
167,https://www.examtopics.com/discussions/google/view/79492-exam-professional-data-engineer-topic-1-question-167/
168,https://www.examtopics.com/discussions/google/view/79494-exam-professional-data-engineer-topic-1-question-168/
169,https://www.examtopics.com/discussions/google/view/79685-exam-professional-data-engineer-topic-1-question-169/
170,https://www.examtopics.com/discussions/google/view/79515-exam-professional-data-engineer-topic-1-question-170/
171,https://www.examtopics.com/discussions/google/view/79520-exam-professional-data-engineer-topic-1-question-171/
172,https://www.examtopics.com/discussions/google/view/79521-exam-professional-data-engineer-topic-1-question-172/
173,https://www.examtopics.com/discussions/google/view/79524-exam-professional-data-engineer-topic-1-question-173/
174,https://www.examtopics.com/discussions/google/view/80144-exam-professional-data-engineer-topic-1-question-174/
175,https://www.examtopics.com/discussions/google/view/79498-exam-professional-data-engineer-topic-1-question-175/
176,https://www.examtopics.com/discussions/google/view/79501-exam-professional-data-engineer-topic-1-question-176/
177,https://www.examtopics.com/discussions/google/view/79540-exam-professional-data-engineer-topic-1-question-177/
178,https://www.examtopics.com/discussions/google/view/79547-exam-professional-data-engineer-topic-1-question-178/
179,https://www.examtopics.com/discussions/google/view/79550-exam-professional-data-engineer-topic-1-question-179/
180,https://www.examtopics.com/discussions/google/view/79552-exam-professional-data-engineer-topic-1-question-180/
181,https://www.examtopics.com/discussions/google/view/79924-exam-professional-data-engineer-topic-1-question-181/
182,https://www.examtopics.com/discussions/google/view/79560-exam-professional-data-engineer-topic-1-question-182/
183,https://www.examtopics.com/discussions/google/view/79580-exam-professional-data-engineer-topic-1-question-183/
184,https://www.examtopics.com/discussions/google/view/79593-exam-professional-data-engineer-topic-1-question-184/
185,https://www.examtopics.com/discussions/google/view/79599-exam-professional-data-engineer-topic-1-question-185/
186,https://www.examtopics.com/discussions/google/view/79603-exam-professional-data-engineer-topic-1-question-186/
187,https://www.examtopics.com/discussions/google/view/79604-exam-professional-data-engineer-topic-1-question-187/
188,https://www.examtopics.com/discussions/google/view/79606-exam-professional-data-engineer-topic-1-question-188/
189,https://www.examtopics.com/discussions/google/view/79608-exam-professional-data-engineer-topic-1-question-189/
190,https://www.examtopics.com/discussions/google/view/79609-exam-professional-data-engineer-topic-1-question-190/
191,https://www.examtopics.com/discussions/google/view/79643-exam-professional-data-engineer-topic-1-question-191/
192,https://www.examtopics.com/discussions/google/view/79526-exam-professional-data-engineer-topic-1-question-192/
193,https://www.examtopics.com/discussions/google/view/79644-exam-professional-data-engineer-topic-1-question-193/
194,https://www.examtopics.com/discussions/google/view/79529-exam-professional-data-engineer-topic-1-question-194/
195,https://www.examtopics.com/discussions/google/view/79645-exam-professional-data-engineer-topic-1-question-195/
196,https://www.examtopics.com/discussions/google/view/79646-exam-professional-data-engineer-topic-1-question-196/
197,https://www.examtopics.com/discussions/google/view/79647-exam-professional-data-engineer-topic-1-question-197/
198,https://www.examtopics.com/discussions/google/view/79648-exam-professional-data-engineer-topic-1-question-198/
199,https://www.examtopics.com/discussions/google/view/79649-exam-professional-data-engineer-topic-1-question-199/
200,https://www.examtopics.com/discussions/google/view/79650-exam-professional-data-engineer-topic-1-question-200/
201,https://www.examtopics.com/discussions/google/view/79651-exam-professional-data-engineer-topic-1-question-201/
202,https://www.examtopics.com/discussions/google/view/79652-exam-professional-data-engineer-topic-1-question-202/
203,https://www.examtopics.com/discussions/google/view/89246-exam-professional-data-engineer-topic-1-question-203/
204,https://www.examtopics.com/discussions/google/view/89456-exam-professional-data-engineer-topic-1-question-204/
205,https://www.examtopics.com/discussions/google/view/89458-exam-professional-data-engineer-topic-1-question-205/
206,https://www.examtopics.com/discussions/google/view/129853-exam-professional-data-engineer-topic-1-question-206/
207,https://www.examtopics.com/discussions/google/view/129854-exam-professional-data-engineer-topic-1-question-207/
208,https://www.examtopics.com/discussions/google/view/129855-exam-professional-data-engineer-topic-1-question-208/
209,https://www.examtopics.com/discussions/google/view/129856-exam-professional-data-engineer-topic-1-question-209/
210,https://www.examtopics.com/discussions/google/view/129857-exam-professional-data-engineer-topic-1-question-210/
211,https://www.examtopics.com/discussions/google/view/129858-exam-professional-data-engineer-topic-1-question-211/
212,https://www.examtopics.com/discussions/google/view/129859-exam-professional-data-engineer-topic-1-question-212/
213,https://www.examtopics.com/discussions/google/view/129860-exam-professional-data-engineer-topic-1-question-213/
214,https://www.examtopics.com/discussions/google/view/129861-exam-professional-data-engineer-topic-1-question-214/
215,https://www.examtopics.com/discussions/google/view/129862-exam-professional-data-engineer-topic-1-question-215/
216,https://www.examtopics.com/discussions/google/view/129863-exam-professional-data-engineer-topic-1-question-216/
217,https://www.examtopics.com/discussions/google/view/129864-exam-professional-data-engineer-topic-1-question-217/
218,https://www.examtopics.com/discussions/google/view/129865-exam-professional-data-engineer-topic-1-question-218/
219,https://www.examtopics.com/discussions/google/view/129866-exam-professional-data-engineer-topic-1-question-219/
220,https://www.examtopics.com/discussions/google/view/129867-exam-professional-data-engineer-topic-1-question-220/
221,https://www.examtopics.com/discussions/google/view/129868-exam-professional-data-engineer-topic-1-question-221/
222,https://www.examtopics.com/discussions/google/view/129869-exam-professional-data-engineer-topic-1-question-222/
223,https://www.examtopics.com/discussions/google/view/129870-exam-professional-data-engineer-topic-1-question-223/
224,https://www.examtopics.com/discussions/google/view/129871-exam-professional-data-engineer-topic-1-question-224/
225,https://www.examtopics.com/discussions/google/view/129872-exam-professional-data-engineer-topic-1-question-225/
226,https://www.examtopics.com/discussions/google/view/129873-exam-professional-data-engineer-topic-1-question-226/
227,https://www.examtopics.com/discussions/google/view/129874-exam-professional-data-engineer-topic-1-question-227/
228,https://www.examtopics.com/discussions/google/view/129875-exam-professional-data-engineer-topic-1-question-228/
229,https://www.examtopics.com/discussions/google/view/129876-exam-professional-data-engineer-topic-1-question-229/
230,https://www.examtopics.com/discussions/google/view/130174-exam-professional-data-engineer-topic-1-question-230/
231,https://www.examtopics.com/discussions/google/view/130340-exam-professional-data-engineer-topic-1-question-231/
232,https://www.examtopics.com/discussions/google/view/130175-exam-professional-data-engineer-topic-1-question-232/
233,https://www.examtopics.com/discussions/google/view/130176-exam-professional-data-engineer-topic-1-question-233/
234,https://www.examtopics.com/discussions/google/view/130177-exam-professional-data-engineer-topic-1-question-234/
235,https://www.examtopics.com/discussions/google/view/130178-exam-professional-data-engineer-topic-1-question-235/
236,https://www.examtopics.com/discussions/google/view/130179-exam-professional-data-engineer-topic-1-question-236/
237,https://www.examtopics.com/discussions/google/view/130180-exam-professional-data-engineer-topic-1-question-237/
238,https://www.examtopics.com/discussions/google/view/130181-exam-professional-data-engineer-topic-1-question-238/
239,https://www.examtopics.com/discussions/google/view/130182-exam-professional-data-engineer-topic-1-question-239/
240,https://www.examtopics.com/discussions/google/view/130183-exam-professional-data-engineer-topic-1-question-240/
241,https://www.examtopics.com/discussions/google/view/130184-exam-professional-data-engineer-topic-1-question-241/
242,https://www.examtopics.com/discussions/google/view/130186-exam-professional-data-engineer-topic-1-question-242/
243,https://www.examtopics.com/discussions/google/view/130349-exam-professional-data-engineer-topic-1-question-243/
244,https://www.examtopics.com/discussions/google/view/129902-exam-professional-data-engineer-topic-1-question-244/
245,https://www.examtopics.com/discussions/google/view/129901-exam-professional-data-engineer-topic-1-question-245/
246,https://www.examtopics.com/discussions/google/view/130188-exam-professional-data-engineer-topic-1-question-246/
247,https://www.examtopics.com/discussions/google/view/130189-exam-professional-data-engineer-topic-1-question-247/
248,https://www.examtopics.com/discussions/google/view/130191-exam-professional-data-engineer-topic-1-question-248/
249,https://www.examtopics.com/discussions/google/view/130353-exam-professional-data-engineer-topic-1-question-249/
250,https://www.examtopics.com/discussions/google/view/130198-exam-professional-data-engineer-topic-1-question-250/
251,https://www.examtopics.com/discussions/google/view/130202-exam-professional-data-engineer-topic-1-question-251/
252,https://www.examtopics.com/discussions/google/view/130203-exam-professional-data-engineer-topic-1-question-252/
253,https://www.examtopics.com/discussions/google/view/130204-exam-professional-data-engineer-topic-1-question-253/
254,https://www.examtopics.com/discussions/google/view/130205-exam-professional-data-engineer-topic-1-question-254/
255,https://www.examtopics.com/discussions/google/view/130206-exam-professional-data-engineer-topic-1-question-255/
256,https://www.examtopics.com/discussions/google/view/130209-exam-professional-data-engineer-topic-1-question-256/
257,https://www.examtopics.com/discussions/google/view/130210-exam-professional-data-engineer-topic-1-question-257/
258,https://www.examtopics.com/discussions/google/view/130211-exam-professional-data-engineer-topic-1-question-258/
259,https://www.examtopics.com/discussions/google/view/130212-exam-professional-data-engineer-topic-1-question-259/
260,https://www.examtopics.com/discussions/google/view/130213-exam-professional-data-engineer-topic-1-question-260/
261,https://www.examtopics.com/discussions/google/view/129906-exam-professional-data-engineer-topic-1-question-261/
262,https://www.examtopics.com/discussions/google/view/130214-exam-professional-data-engineer-topic-1-question-262/
263,https://www.examtopics.com/discussions/google/view/130215-exam-professional-data-engineer-topic-1-question-263/
264,https://www.examtopics.com/discussions/google/view/130360-exam-professional-data-engineer-topic-1-question-264/
265,https://www.examtopics.com/discussions/google/view/130361-exam-professional-data-engineer-topic-1-question-265/
266,https://www.examtopics.com/discussions/google/view/130217-exam-professional-data-engineer-topic-1-question-266/
267,https://www.examtopics.com/discussions/google/view/130218-exam-professional-data-engineer-topic-1-question-267/
268,https://www.examtopics.com/discussions/google/view/130219-exam-professional-data-engineer-topic-1-question-268/
269,https://www.examtopics.com/discussions/google/view/130424-exam-professional-data-engineer-topic-1-question-269/
270,https://www.examtopics.com/discussions/google/view/130220-exam-professional-data-engineer-topic-1-question-270/
271,https://www.examtopics.com/discussions/google/view/130427-exam-professional-data-engineer-topic-1-question-271/
272,https://www.examtopics.com/discussions/google/view/130221-exam-professional-data-engineer-topic-1-question-272/
273,https://www.examtopics.com/discussions/google/view/130514-exam-professional-data-engineer-topic-1-question-273/
274,https://www.examtopics.com/discussions/google/view/130515-exam-professional-data-engineer-topic-1-question-274/
275,https://www.examtopics.com/discussions/google/view/130517-exam-professional-data-engineer-topic-1-question-275/
276,https://www.examtopics.com/discussions/google/view/130223-exam-professional-data-engineer-topic-1-question-276/
277,https://www.examtopics.com/discussions/google/view/130262-exam-professional-data-engineer-topic-1-question-277/
278,https://www.examtopics.com/discussions/google/view/130263-exam-professional-data-engineer-topic-1-question-278/
279,https://www.examtopics.com/discussions/google/view/130264-exam-professional-data-engineer-topic-1-question-279/
280,https://www.examtopics.com/discussions/google/view/130265-exam-professional-data-engineer-topic-1-question-280/
281,https://www.examtopics.com/discussions/google/view/130269-exam-professional-data-engineer-topic-1-question-281/
282,https://www.examtopics.com/discussions/google/view/130157-exam-professional-data-engineer-topic-1-question-282/
283,https://www.examtopics.com/discussions/google/view/130510-exam-professional-data-engineer-topic-1-question-283/
284,https://www.examtopics.com/discussions/google/view/130273-exam-professional-data-engineer-topic-1-question-284/
285,https://www.examtopics.com/discussions/google/view/130511-exam-professional-data-engineer-topic-1-question-285/
286,https://www.examtopics.com/discussions/google/view/130287-exam-professional-data-engineer-topic-1-question-286/
287,https://www.examtopics.com/discussions/google/view/130289-exam-professional-data-engineer-topic-1-question-287/
288,https://www.examtopics.com/discussions/google/view/130291-exam-professional-data-engineer-topic-1-question-288/
289,https://www.examtopics.com/discussions/google/view/130292-exam-professional-data-engineer-topic-1-question-289/
290,https://www.examtopics.com/discussions/google/view/130293-exam-professional-data-engineer-topic-1-question-290/
291,https://www.examtopics.com/discussions/google/view/130296-exam-professional-data-engineer-topic-1-question-291/
292,https://www.examtopics.com/discussions/google/view/130298-exam-professional-data-engineer-topic-1-question-292/
293,https://www.examtopics.com/discussions/google/view/130301-exam-professional-data-engineer-topic-1-question-293/
294,https://www.examtopics.com/discussions/google/view/130307-exam-professional-data-engineer-topic-1-question-294/
295,https://www.examtopics.com/discussions/google/view/130309-exam-professional-data-engineer-topic-1-question-295/
296,https://www.examtopics.com/discussions/google/view/129909-exam-professional-data-engineer-topic-1-question-296/
297,https://www.examtopics.com/discussions/google/view/130313-exam-professional-data-engineer-topic-1-question-297/
298,https://www.examtopics.com/discussions/google/view/129911-exam-professional-data-engineer-topic-1-question-298/
299,https://www.examtopics.com/discussions/google/view/130328-exam-professional-data-engineer-topic-1-question-299/
300,https://www.examtopics.com/discussions/google/view/130318-exam-professional-data-engineer-topic-1-question-300/
301,https://www.examtopics.com/discussions/google/view/129913-exam-professional-data-engineer-topic-1-question-301/
302,https://www.examtopics.com/discussions/google/view/130327-exam-professional-data-engineer-topic-1-question-302/
303,https://www.examtopics.com/discussions/google/view/130326-exam-professional-data-engineer-topic-1-question-303/
304,https://www.examtopics.com/discussions/google/view/130325-exam-professional-data-engineer-topic-1-question-304/
305,https://www.examtopics.com/discussions/google/view/129916-exam-professional-data-engineer-topic-1-question-305/
306,https://www.examtopics.com/discussions/google/view/130321-exam-professional-data-engineer-topic-1-question-306/
307,https://www.examtopics.com/discussions/google/view/130320-exam-professional-data-engineer-topic-1-question-307/
308,https://www.examtopics.com/discussions/google/view/130319-exam-professional-data-engineer-topic-1-question-308/
309,https://www.examtopics.com/discussions/google/view/132182-exam-professional-data-engineer-topic-1-question-309/
310,https://www.examtopics.com/discussions/google/view/132186-exam-professional-data-engineer-topic-1-question-310/
311,https://www.examtopics.com/discussions/google/view/132198-exam-professional-data-engineer-topic-1-question-311/
312,https://www.examtopics.com/discussions/google/view/153019-exam-professional-data-engineer-topic-1-question-312/
313,https://www.examtopics.com/discussions/google/view/152659-exam-professional-data-engineer-topic-1-question-313/
314,https://www.examtopics.com/discussions/google/view/153398-exam-professional-data-engineer-topic-1-question-314/
315,https://www.examtopics.com/discussions/google/view/153020-exam-professional-data-engineer-topic-1-question-315/
316,https://www.examtopics.com/discussions/google/view/153174-exam-professional-data-engineer-topic-1-question-316/
317,https://www.examtopics.com/discussions/google/view/152975-exam-professional-data-engineer-topic-1-question-317/
318,https://www.examtopics.com/discussions/google/view/152516-exam-professional-data-engineer-topic-1-question-318/
319,https://www.examtopics.com/discussions/google/view/152515-exam-professional-data-engineer-topic-1-question-319/
